symbol,date,entry_time,or_range_pct,volume_ratio,breakout_pct,minutes_after_open,spy_trend_pct,day_of_week,entry_price,hit_target,exit_reason,exit_price
AAPL,2026-03-31,12:20,0.006539094154932498,1.0533464879851604,0.005255345609178811,140,0.004006635990859776,1.0,250.58,1,TARGET,251.74
AAPL,2026-04-02,14:35,0.01628728414442702,1.4357561950643722,0.0007456828885400225,275,0.01129296742056259,3.0,254.99,0,EOD,255.11
AAPL,2026-04-06,10:20,0.013653321026114424,1.1000557448706958,0.006076689358101551,20,0.0037050590064952125,0.0,261.59,0,EOD,258.98
AAPL,2026-04-15,10:15,0.00956588551671152,1.0992929633385164,0.002112946600076878,15,0.000978051376463573,2.0,260.85,1,TARGET,264.57
AAPL,2026-04-22,10:10,0.008360582639714625,2.7233322938854916,0.0057595124851367845,10,0.0004935277362588099,2.0,270.67,1,TARGET,272.69
AAPL,2026-04-30,12:15,0.010407440212577479,1.5770385645392757,0.004982285208148888,135,0.0009515413570658243,3.0,272.31,0,EOD,274.27
AAPL,2026-05-05,10:20,0.012429459247089141,1.2171208147859631,0.003893135223944478,20,0.0005264835058259494,1.0,281.07,0,EOD,283.97
AAPL,2026-05-13,13:15,0.013781049376491432,1.8886543173127561,0.007327484790427235,195,0.005660505112058975,2.0,299.69,0,EOD,299.23
AAPL,2026-05-15,14:05,0.007298292601272203,1.0413093673910319,0.011148309340475341,245,0.0017659746562416543,4.0,302.03,0,EOD,300.11
AAPL,2026-05-21,11:15,0.008809845910185818,1.2273526109240986,3.299567756620881e-05,75,0.00036552181623742064,3.0,303.08,0,EOD,304.95
AAPL,2026-05-22,10:45,0.010066353778928673,1.6098955879090215,0.0021362680045315585,45,0.0001876072041166198,4.0,309.61,0,EOD,308.27
AAPL,2026-05-28,10:10,0.008296229860021062,1.0096788038692064,0.00019219065312791017,10,0.0005198267244251734,3.0,312.25,0,EOD,311.46
MSFT,2026-03-31,13:00,0.010267553986146878,1.544331736650407,0.001982887410023138,180,0.01205120981625807,1.0,368.88,0,EOD,371.96
MSFT,2026-04-02,10:35,0.009412148744593554,1.3985817900804862,0.007208726639645214,35,0.008941555026144127,3.0,370.26,0,EOD,372.26
MSFT,2026-04-13,10:00,0.009451089278086343,1.7594160177520122,0.007689021785561714,0,0.003410097431355269,0.0,377.44,1,TARGET,380.39
MSFT,2026-05-14,10:20,0.011563971694158832,1.0643148488013079,0.006805237073748036,20,0.003213834279106025,3.0,408.33,0,EOD,409.35
MSFT,2026-05-15,10:35,0.012791086883756434,1.001222679434858,0.008224549323387361,35,0.00039094095443526194,4.0,421.7,1,TARGET,427.6
MSFT,2026-05-28,10:05,0.02823435218763248,1.1675165047845908,0.0023312767861346775,5,6.664445184932293e-05,3.0,425.65,0,EOD,426.03
META,2026-04-02,10:35,0.017052738799810195,1.514004416221736,0.010835777383607722,35,0.008941555026144127,3.0,575.58,0,EOD,573.79
META,2026-04-13,10:00,0.00951776649746193,1.0589278336570427,0.0031725888324873096,0,0.003410097431355269,0.0,632.4,0,EOD,633.96
META,2026-04-15,10:00,0.010841399851079632,1.0058456101651043,0.0008488458674609829,0,0.0006040905560509149,2.0,672.07,0,EOD,673.26
META,2026-04-17,15:40,0.01840678113959198,1.9869120568592757,0.0020209657017403373,340,0.005494583303830625,4.0,689.18,0,EOD,689.49
META,2026-04-24,12:05,0.017476370084301314,1.2741164898900386,0.01377973462364939,125,0.004333450580372903,4.0,674.64,0,EOD,676.26
META,2026-04-29,10:15,0.009238805970149335,1.0952958415823606,0.0019552238805969333,15,0.0001828410689170119,2.0,671.31,0,EOD,671.34
META,2026-05-04,10:40,0.007100591715976227,1.1060536515707875,0.0025312294543065046,40,0.002388656658380315,0.0,609.94,0,EOD,612.19
META,2026-05-06,10:05,0.012188676752328723,1.0040351087854797,0.00528506309044053,5,0.0016891659914580637,2.0,608.68,1,TARGET,616.55
META,2026-05-14,10:00,0.0071998191973655055,1.5487615021354224,0.004891356988344643,0,0.0010354194120969016,3.0,622.49,0,EOD,617.84
META,2026-05-20,11:15,0.006172020175205779,1.5536226817032417,0.007316830368993841,75,0.004213674051923215,2.0,607.13,0,EOD,604.11
META,2026-05-27,10:20,0.007593781572857883,1.5742820083548945,0.0008310790991754244,20,0.0004661073378612635,2.0,614.17,1,TARGET,620.88
GOOGL,2026-03-31,10:20,0.010675521279634424,1.1604264561139024,0.007069408740359963,20,0.0047422293173067466,1.0,282.06,1,TARGET,284.69
GOOGL,2026-04-02,10:35,0.014839522140158653,1.3430881926078302,0.013580204894319488,35,0.008941555026144127,3.0,297.8,0,EOD,295.18
GOOGL,2026-04-13,10:05,0.010910801065997684,1.2632960439972503,0.0027277002664994657,5,0.0028196043696486098,0.0,319.82,0,EOD,321.14
GOOGL,2026-04-15,14:30,0.009281437125748571,1.2422879568656484,0.006197604790419141,270,0.004660127146678954,2.0,336.07,0,EOD,336.38
GOOGL,2026-04-24,11:50,0.012280598421486677,3.2401998986021585,0.010307456708681823,110,0.0035596201195919417,4.0,343.06,0,EOD,344.82
GOOGL,2026-04-27,10:00,0.017824903281272304,1.0020483542061063,0.0015761570425562729,0,0.001290015003435468,0.0,349.5,0,EOD,351.24
GOOGL,2026-04-29,10:20,0.02112956432715279,1.567328809948615,0.0030713229439200346,20,5.625879043595446e-05,2.0,352.72,0,EOD,350.4
GOOGL,2026-05-21,14:45,0.008556287966912246,1.0221865096490137,0.00878893628021191,285,0.00656585484722545,3.0,390.25,0,EOD,388.47
GOOGL,2026-05-28,10:10,0.009846011465590334,1.1825843727690928,0.002982081801588648,10,0.0005198267244251734,3.0,390.15,0,EOD,391.01
TSLA,2026-03-31,12:40,0.01209567073504465,1.2269190371561374,0.0138197143013519,160,0.009312298494381211,1.0,370.47,1,TARGET,372.4
TSLA,2026-04-01,10:50,0.013345993564382557,1.0248124970142836,0.004773962124808784,50,0.0035327583042761043,2.0,380.95,0,EOD,380.73
TSLA,2026-04-15,10:10,0.02430490135386099,1.3100717755517273,0.01173525691061291,10,0.0002732790610707571,2.0,375.89,1,TARGET,388.1
TSLA,2026-04-17,10:35,0.018544042099987557,1.7273695473985484,0.003357975191078749,35,0.005650357572753677,4.0,400.39,0,EOD,400.93
TSLA,2026-05-01,10:25,0.022199277232834193,1.0282479180329833,0.0018069179143005822,25,0.00463084922010403,4.0,388.1,0,EOD,392.35
TSLA,2026-05-06,14:10,0.02045709621467207,1.1664957764753208,0.0215284154678094,250,0.005960146669047107,2.0,400.48,0,EOD,399.51
TSLA,2026-05-11,11:10,0.016560958421423563,1.2711545032576104,0.010101010101010128,70,0.004277218043070876,0.0,430.0,1,TARGET,436.81
TSLA,2026-05-13,10:35,0.02180536607548893,1.2372956347451793,0.013437926330149995,35,0.00027083756517019673,2.0,445.71,0,EOD,444.45
TSLA,2026-05-28,10:10,0.010567851959361321,1.2509603680346062,0.0013153120464442147,10,0.0005198267244251734,3.0,441.54,0,EOD,443.0
AMD,2026-03-31,10:15,0.020009955201592884,1.1599324769867854,0.0017919362867097322,15,0.003990985069020494,1.0,201.26,0,STOP,196.66
AMD,2026-04-02,10:35,0.03021221056702277,1.262745311678454,0.027456856963310326,35,0.008941555026144127,3.0,212.55,1,TARGET,216.26
AMD,2026-04-22,10:25,0.022712524334847616,1.3446448563254136,0.008162847091772212,25,0.001607490340957303,2.0,295.18,1,TARGET,303.1
AMD,2026-04-23,10:05,0.017253232935013855,1.0039383245650555,0.0004583401538712927,5,0.0006483439041579089,3.0,305.59,0,EOD,303.97
AMD,2026-04-29,10:35,0.025697436367525188,1.3643388051745504,0.011030647477617912,35,0.0012658227848100945,2.0,330.88,0,EOD,336.69
AMD,2026-05-28,10:35,0.02673754676117343,1.4077270157143562,0.0061035636936405254,35,0.002212595801399491,3.0,511.0,0,EOD,519.71
AVGO,2026-03-31,10:00,0.019456669203533953,1.5413755429731528,0.0017868369676715546,0,0.005775190158700255,1.0,302.75,0,EOD,309.36
AVGO,2026-04-02,10:35,0.021150290329905546,1.0666169705711985,0.015668083173841246,35,0.008941555026144127,3.0,313.1,0,EOD,313.26
AVGO,2026-04-17,10:00,0.010077250668515383,1.0287750237296043,0.00017331880756658706,0,0.0030871627841111146,4.0,403.95,0,EOD,405.52
AVGO,2026-04-22,10:20,0.010122249388753023,2.1118820516245065,0.007066014669926617,20,0.001607490340957303,2.0,411.89,1,TARGET,415.49
AVGO,2026-05-05,11:15,0.016405352832266986,1.3477173693540063,0.0009843211699360564,75,0.002466159579921544,1.0,427.11,0,EOD,428.51
AVGO,2026-05-08,13:20,0.022939677145284686,1.6756878613523236,0.01975361087510608,200,0.0035104906522980474,4.0,432.09,0,EOD,427.73
AVGO,2026-05-20,14:00,0.014633679017076514,1.2513448375506189,0.003879960721385301,240,0.0056408862308005665,2.0,419.15,0,EOD,418.59
SMCI,2026-03-31,10:15,0.01522842639593917,1.3132137889897246,0.00046146746654351684,15,0.003990985069020494,1.0,21.68,1,TARGET,22.21
SMCI,2026-04-02,10:35,0.017520215633423205,1.1150766149456328,0.03504043126684625,35,0.008941555026144127,3.0,23.04,1,TARGET,23.04
SMCI,2026-04-07,15:20,0.02892745883400083,1.071815731321645,0.002225189141077023,320,0.0008223684210525762,1.0,22.52,0,EOD,22.56
SMCI,2026-04-13,11:15,0.028219395866454725,1.6982785022898697,0.003974562798092266,75,0.0038529672276350953,0.0,25.26,0,EOD,25.8
SMCI,2026-04-14,10:10,0.024300441826215026,1.0462527923665432,0.0029455081001472125,10,0.003911646235949251,1.0,27.24,0,EOD,27.3
SMCI,2026-04-16,11:20,0.03857245854361921,1.0731409753778243,0.01405912040374912,80,0.0004136593158931865,3.0,28.13,0,EOD,28.4
SMCI,2026-04-21,10:25,0.030252100840336086,1.1151000635136041,0.0020168067226890326,25,5.631581911369785e-05,1.0,29.81,0,STOP,28.78
SMCI,2026-05-08,10:05,0.03869047619047632,1.1328093792197544,0.02202380952380958,5,0.002476392630690854,4.0,34.34,0,EOD,34.89
SMCI,2026-05-14,10:00,0.029855340104647656,4.610204919118558,0.006771314250538592,0,0.0010354194120969016,3.0,32.71,0,EOD,32.9
SMCI,2026-05-20,10:20,0.044568245125348224,1.1106677988168632,0.010213556174558906,20,0.0022019845045534924,2.0,32.64,0,EOD,33.59
SMCI,2026-05-26,10:40,0.02557755775577557,1.1609606073072745,0.004125412541254086,40,0.0022799696004053766,1.0,36.51,1,TARGET,37.85
SMCI,2026-05-28,10:15,0.019714656290531728,2.4209119957886918,0.019195849546044152,15,0.0037454181939352823,3.0,39.29,1,TARGET,40.07
QQQ,2026-03-31,12:35,0.008086774607527773,1.0643850642147954,0.004166446917356687,155,0.004726578395467464,1.0,571.2,1,TARGET,575.99
QQQ,2026-04-01,10:35,0.006181189322466335,1.0255950206214657,0.000684896323818943,35,0.000978772863522338,2.0,584.43,0,EOD,585.04
QQQ,2026-04-02,10:35,0.009542282181389937,2.091939074513725,0.01260758879864241,35,0.008941555026144127,3.0,584.71,0,EOD,583.27
QQQ,2026-04-13,10:00,0.005901392794088821,1.1930328472218414,0.0002452102269011594,0,0.003410097431355269,0.0,611.87,0,EOD,615.66
QQQ,2026-05-05,10:25,0.0050079304470421904,1.0577602547197198,0.00029372026082365843,25,0.001953530903196265,1.0,681.12,0,EOD,681.86
QQQ,2026-05-08,10:00,0.008420276706736299,1.161785719676577,0.00017010660013593056,0,0.002313113995700236,4.0,705.56,0,EOD,710.24
QQQ,2026-05-13,11:40,0.007239742524331995,1.0431103569826952,0.0031268926856064722,100,0.001814611686640826,2.0,712.19,0,EOD,715.84
QQQ,2026-05-14,11:20,0.0076004946574219825,1.1793411419801443,0.0023204435242951257,80,0.006441115563564099,3.0,721.36,0,EOD,720.5
QQQ,2026-05-15,13:55,0.006855099800118247,1.2505559773058,0.0053348723290449,235,0.0011863035858721968,4.0,714.21,0,EOD,710.62
QQQ,2026-05-20,10:30,0.005817319232452741,1.008686288955636,0.0006071473956199962,30,0.0029767568302296325,2.0,708.66,0,EOD,712.25
QQQ,2026-05-28,10:10,0.006442170915855176,1.9201785958941382,0.0015592515592515407,10,0.0005198267244251734,3.0,732.26,0,EOD,735.87
IWM,2026-03-31,12:40,0.009706362153344191,3.277588696731923,0.008686786296900588,160,0.009312298494381211,1.0,247.33,0,EOD,248.17
IWM,2026-04-02,10:35,0.008382603061472396,3.0130206686193435,0.017170162792581233,35,0.008941555026144127,3.0,251.18,1,TARGET,251.18
IWM,2026-04-06,15:25,0.0058660325009909555,1.8127670751531457,0.00019817677368205686,325,0.0032171500015247363,0.0,252.35,0,EOD,252.63
IWM,2026-04-07,13:35,0.006434955312810345,1.101250502803871,0.004051638530288025,215,0.0001370614035088204,1.0,252.77,0,EOD,252.46
IWM,2026-04-09,11:30,0.0068695552058948475,1.7812053818079945,0.002187511992938532,90,0.0016151976764861569,3.0,261.14,0,EOD,262.0
IWM,2026-04-13,15:15,0.008314263920671269,1.9201680486871266,0.009153318077803334,315,0.008547387068202064,0.0,264.6,0,EOD,264.8
IWM,2026-04-14,12:25,0.005007099618862685,1.5387557249164179,0.004932366788730264,145,0.008419491340574915,1.0,268.94,0,EOD,268.65
IWM,2026-04-17,10:40,0.0050635678117372275,1.5491759747191218,0.009034279261229166,40,0.005919422219075357,4.0,276.99,1,TARGET,277.22
IWM,2026-04-20,10:15,0.006082328662973849,1.1185550716333423,0.0003982477100757165,15,0.0006631019060653047,0.0,276.32,0,EOD,277.23
IWM,2026-04-24,11:40,0.011035378123985726,1.1298549603979537,0.001154026470482142,100,0.0013366162504397404,4.0,277.61,0,EOD,276.6
IWM,2026-05-01,11:50,0.00799856527977051,1.1741732521834638,0.0005380200860831322,110,0.004214904679376033,4.0,278.95,0,EOD,279.59
IWM,2026-05-08,14:10,0.005524667464283177,1.0192951393825038,0.002568794426068049,250,0.00334721201730743,4.0,284.91,0,EOD,284.11
IWM,2026-05-11,11:35,0.006111615561919397,1.4036999756620083,0.0006635468324369552,95,0.00467099367243291,0.0,286.53,0,EOD,285.17
IWM,2026-05-13,15:25,0.010883007667573528,1.1368471888708531,0.0009540298929365811,325,0.006310515268467693,2.0,283.28,0,EOD,282.89
IWM,2026-05-19,14:05,0.008434042863923482,1.282243643003277,0.0023732155244807554,245,0.0029397754338209843,1.0,274.54,0,EOD,273.11
IWM,2026-05-20,10:20,0.009671109823239493,1.5955212799275864,0.004237902057374732,20,0.0022019845045534924,2.0,277.25,0,EOD,279.41
IWM,2026-05-21,10:00,0.012259880965109228,1.0745546426760522,7.127837770426122e-05,0,0.001516238645132474,3.0,280.61,0,EOD,282.39
IWM,2026-05-22,13:25,0.006860102901543452,1.1724656297736427,0.002520037800567104,205,0.001527658662092606,4.0,286.43,0,EOD,284.68
IWM,2026-05-28,10:10,0.006140471919414837,2.410777102517145,0.0013798813302055239,10,0.0005198267244251734,3.0,290.28,1,TARGET,292.56
COIN,2026-03-31,10:15,0.03228116236052268,1.1609887274334605,0.006324959723133852,15,0.003990985069020494,1.0,168.65,0,EOD,175.52
COIN,2026-04-02,10:35,0.026891956211328,1.8397012948676013,0.01207758210376012,35,0.008941555026144127,3.0,170.11,0,EOD,171.43
COIN,2026-04-15,10:05,0.02486716259298607,2.6728450521504477,0.012858660998937387,5,1.4383108477391055e-05,2.0,190.62,0,EOD,194.85
COIN,2026-04-16,12:20,0.042626262626262616,1.0381167376130886,0.0032828282828283113,140,0.0023393147519471945,3.0,198.65,0,EOD,199.8
COIN,2026-04-17,10:05,0.023339749759384132,1.041194548874913,0.0014436958614051153,5,0.0038377115343766004,4.0,208.1,1,TARGET,215.31
COIN,2026-05-11,10:05,0.058361008009376776,1.18264095746707,0.00883961711271734,5,0.0029057925752925973,0.0,206.57,0,EOD,214.1
COIN,2026-05-14,10:50,0.030992351246647506,1.2670034584165375,0.027962650243369403,50,0.00480058091063127,3.0,206.97,1,TARGET,211.28
COIN,2026-05-20,12:15,0.023168408587756786,2.4840454692289318,0.0022653555063584293,135,0.0059535136604594195,2.0,194.67,0,EOD,192.97
COIN,2026-05-28,14:50,0.03182052309277172,1.0863509996647926,0.03582670405768912,290,0.005344885038320548,3.0,180.99,0,EOD,182.56
COIN,2026-05-29,11:05,0.03584905660377362,1.8765099950487076,0.009380053908355845,65,0.0005688583145919615,4.0,187.24,0,ENGINE_STOP,0.0
DKNG,2026-03-31,10:10,0.02312411514865512,1.2635909013206272,0.001887682869277921,10,0.0035684101793595213,1.0,21.23,0,EOD,21.68
DKNG,2026-04-02,10:00,0.022829006266786103,1.4205969752453809,0.00044762757385861967,0,0.0049658117013706825,3.0,22.35,0,EOD,23.16
DKNG,2026-04-13,10:00,0.016749660479855183,1.4913957230983068,0.0013580805794477654,0,0.003410097431355269,0.0,22.12,0,EOD,22.53
DKNG,2026-04-14,13:35,0.02468601126028585,1.157197837327305,0.0038977912516240734,215,0.009175646003286285,1.0,23.18,0,EOD,22.95
DKNG,2026-04-15,10:55,0.03271812080536918,1.0476144654498716,0.0008389261744966264,55,0.002085550729223665,2.0,23.86,0,EOD,23.66
DKNG,2026-04-24,13:45,0.04497354497354496,1.0122155216326798,0.022486772486772555,225,0.0039113612381286985,4.0,23.19,0,EOD,23.39
DKNG,2026-04-27,12:05,0.026717557251908358,1.697198275862069,0.002120441051738792,125,0.000420657066337715,0.0,23.63,0,EOD,23.72
DKNG,2026-04-30,15:25,0.014199655765920754,2.9733815627042337,0.0008605851979347301,325,0.006478877181198656,3.0,23.26,0,EOD,23.22
DKNG,2026-05-05,11:10,0.01653242899533703,1.91780841700152,0.0105977108944468,70,0.0021474985106059662,1.0,23.84,0,EOD,24.0
DKNG,2026-05-06,13:40,0.02846685644570961,1.872710248045279,0.004880032533550264,220,0.004792836837551683,2.0,24.71,0,EOD,24.07
DKNG,2026-05-07,11:05,0.022653721682847846,1.186674244509764,0.011326860841423994,65,0.001061152302564569,3.0,25.0,0,EOD,25.0
DKNG,2026-05-13,15:40,0.03690186536901866,1.2194389451801064,0.02230332522303328,340,0.006676145981447558,2.0,25.21,0,EOD,25.16
DKNG,2026-05-14,10:25,0.013365735115431423,2.737419177275053,0.011745646010530544,25,0.003052470214883121,3.0,24.98,0,EOD,25.17
DKNG,2026-05-15,10:20,0.03186467348544462,2.519889536562914,0.005114083398898466,20,0.00025613372876793556,4.0,25.55,0,EOD,24.96
DKNG,2026-05-21,13:20,0.020375549340791114,2.906273575743946,0.02317219336795838,200,0.004183194119160155,3.0,25.61,0,EOD,25.37
DKNG,2026-05-27,10:20,0.03724696356275296,1.0426199459791259,0.006072874493927212,20,0.0004661073378612635,2.0,24.85,0,EOD,25.28
HOOD,2026-03-31,12:40,0.025993426949506945,1.672448231096302,0.020764864057364815,160,0.009312298494381211,1.0,68.33,0,EOD,69.23
HOOD,2026-04-02,10:35,0.034599528857479515,1.106879295900738,0.020906949352179058,35,0.008941555026144127,3.0,69.34,0,EOD,68.78
HOOD,2026-04-06,10:05,0.016320687186828928,2.1580193403044183,0.0031496062992125823,5,0.0008843350715092259,0.0,70.07,0,EOD,70.09
HOOD,2026-04-13,10:00,0.03322401254812489,1.048021212768455,0.0029944388991873373,0,0.003410097431355269,0.0,70.34,0,EOD,71.17
HOOD,2026-05-06,15:20,0.02378227139768524,1.3686748912632796,0.007376319470939824,320,0.00770424488786961,2.0,79.21,0,EOD,79.19
HOOD,2026-05-14,10:50,0.02124055251498561,1.1039669859235421,0.01550690643732098,50,0.00480058091063127,3.0,77.93,1,TARGET,79.37
HOOD,2026-05-20,11:15,0.015748031496063082,1.3034570462639856,0.007073268383824728,75,0.004213674051923215,2.0,75.46,0,EOD,75.84
HOOD,2026-05-28,10:10,0.05488431876606679,1.204743945795401,0.0006426735218508633,10,0.0005198267244251734,3.0,77.85,0,EOD,84.29
SOFI,2026-03-31,12:40,0.01796023091725461,2.1508571319859766,0.013470173187941043,160,0.009312298494381211,1.0,15.8,1,TARGET,16.01
SOFI,2026-04-02,10:35,0.019053876478318063,1.326431807898822,0.025624178712220683,35,0.008941555026144127,3.0,15.61,1,TARGET,15.73
SOFI,2026-04-13,10:00,0.03855421686746991,1.0285612540547966,0.000602409638554097,0,0.003410097431355269,0.0,16.61,0,EOD,16.96
SOFI,2026-04-17,10:15,0.026553106212424904,1.0538634090290993,0.004509018036072137,15,0.004262550449621172,4.0,20.05,0,EOD,19.51
SOFI,2026-04-30,14:30,0.018879798615481478,1.2913693079372646,0.01384518565135298,270,0.004547807956564936,3.0,16.11,0,EOD,15.99
SOFI,2026-05-01,12:50,0.028151774785801657,1.449482085191308,0.020807833537331694,170,0.0006100519930676666,4.0,16.68,0,EOD,16.52
SOFI,2026-05-14,12:05,0.019317450096587183,1.172077467571094,0.019317450096587297,125,0.007745475082699071,3.0,15.83,1,TARGET,15.99
SOFI,2026-05-18,10:10,0.04037267080745355,1.525894819865548,0.010559006211180008,10,0.0007704576788947802,0.0,16.27,0,STOP,15.38
SOFI,2026-05-20,11:15,0.025923525599481554,1.1626579431609079,0.012313674659753695,75,0.004213674051923215,2.0,15.62,0,EOD,15.62
SOFI,2026-05-21,13:45,0.01215611004478575,1.0194995605327695,0.001279590531030043,225,0.0066064683823628895,3.0,15.65,0,EOD,15.66
SOFI,2026-05-28,10:10,0.02944785276073622,1.1077420380768555,0.0030674846625767306,10,0.0005198267244251734,3.0,16.35,1,TARGET,17.04
CLSK,2026-03-31,13:15,0.020118343195266265,1.017630556754424,0.008284023668639088,195,0.013381538172598293,1.0,8.52,0,EOD,8.51
CLSK,2026-04-01,10:15,0.020501138952163978,1.0938117084866208,0.004555808656036552,15,0.0010858261454701724,2.0,8.82,0,EOD,8.68
CLSK,2026-04-02,10:05,0.026378896882494084,1.0448130898180612,0.0011990407673860657,5,0.004053092416695036,3.0,8.35,1,TARGET,8.57
CLSK,2026-04-09,12:00,0.03366336633663365,2.0082360162283632,0.027722772277227838,120,0.005912512595578225,3.0,10.38,1,TARGET,10.49
CLSK,2026-04-13,10:45,0.05853658536585363,1.012801244602136,0.01951219512195115,45,0.0038086802480071466,0.0,10.45,0,EOD,10.8
CLSK,2026-04-17,10:00,0.03425229741019216,1.5863335746749492,0.0033416875522137967,0,0.0030871627841111146,4.0,12.01,0,EOD,11.95
CLSK,2026-04-20,10:05,0.029387069689336662,1.6030698818634113,0.001679261125104918,5,0.0006631019060653047,0.0,11.93,0,EOD,11.99
CLSK,2026-05-04,11:05,0.03733121525019862,1.120180492429307,0.006354249404289124,65,0.001235990945324741,0.0,12.67,0,EOD,12.83
CLSK,2026-05-06,12:10,0.03380281690140836,1.0453001468022514,0.01690140845070424,130,0.004751637667028354,2.0,14.44,0,EOD,14.42
CLSK,2026-05-11,10:25,0.058259081562714164,1.09474110540769,0.004797806716929423,25,0.004155011813268807,0.0,14.66,0,EOD,14.31
CLSK,2026-05-14,11:20,0.037956204379562014,1.1599685203173284,0.01459854014598548,80,0.006441115563564099,3.0,13.9,0,EOD,13.93
CLSK,2026-05-20,10:55,0.04637491835401704,1.0095409362110954,0.05160026126714572,55,0.004104934076389808,2.0,16.1,1,TARGET,16.06
CLSK,2026-05-22,11:25,0.03796693202694412,1.014662284739194,0.005511328842621153,85,0.001353451972555734,4.0,16.42,0,EOD,15.94
IONQ,2026-03-31,12:40,0.03409090909090912,1.0045061161429019,0.007102272727272702,160,0.009312298494381211,1.0,28.36,0,EOD,29.01
IONQ,2026-04-02,10:10,0.028695968034871146,1.041905137690418,0.01779876498365414,10,0.0052906778874417144,3.0,28.02,1,TARGET,28.75
IONQ,2026-04-13,10:00,0.037305699481865226,1.1367967177553158,0.001727115716753047,0,0.003410097431355269,0.0,29.0,0,EOD,29.72
IONQ,2026-04-14,10:00,0.06978137166816417,2.366752269806869,0.013776579814315688,0,0.002617458447847074,1.0,33.85,0,EOD,35.7
IONQ,2026-04-17,14:45,0.04670449585333916,1.1129659003154473,0.010039284155390679,285,0.005622034978404061,4.0,46.28,0,EOD,45.73
IONQ,2026-05-01,11:05,0.024666666666666653,1.2477121931316997,0.007333333333333295,65,0.0014974003466205073,4.0,45.33,0,EOD,46.04
IONQ,2026-05-04,10:00,0.03552769070010455,1.1201158209065232,0.0029258098223615583,0,0.0009582401710943948,0.0,47.99,0,STOP,45.98
IONQ,2026-05-05,13:35,0.03604376743188156,1.211728970545879,0.0006436387041407667,215,0.0027986754783379496,1.0,46.64,0,EOD,48.24
IONQ,2026-05-11,10:10,0.12353587115666179,1.3206567223008316,0.01811859443631043,10,0.0031637835048745717,0.0,55.63,0,EOD,56.68
IONQ,2026-05-20,10:00,0.025201612903225805,1.311399727528674,0.002016129032258093,0,0.0005844773684925241,2.0,49.7,1,TARGET,51.58
IONQ,2026-05-21,10:00,0.08515691263782872,1.0048931488537631,0.005597964376590302,0,0.001516238645132474,3.0,59.28,0,EOD,57.96
IONQ,2026-05-28,11:10,0.04584991891493439,1.2167027438928442,0.03287630841810414,70,0.004451849383538863,3.0,70.06,0,EOD,70.46
SOUN,2026-03-31,11:10,0.03154574132492116,1.1282495422738332,0.02050473186119872,70,0.002582402103483859,1.0,6.47,1,TARGET,6.54
SOUN,2026-04-02,10:35,0.027607361963190143,1.0964004027121037,0.0306748466257669,35,0.008941555026144127,3.0,6.72,1,TARGET,6.71
SOUN,2026-04-13,15:35,0.03416149068322991,1.0691352825643146,0.054347826086956465,335,0.00989075878358436,0.0,6.79,1,TARGET,6.78
SOUN,2026-04-20,10:00,0.03799019607843143,1.448597930850762,0.0061274509803922435,0,0.001241552504973258,0.0,8.21,0,EOD,8.32
SOUN,2026-04-24,11:45,0.024875621890547178,1.1291839477816872,0.0024875621890548946,105,0.003728455856489592,4.0,8.06,1,TARGET,8.28
SOUN,2026-04-30,12:10,0.024234693877550957,1.6697578015582226,0.008928571428571465,130,0.00013993255250972214,3.0,7.91,0,EOD,7.93
SOUN,2026-05-01,12:50,0.06820809248554911,1.303628452243536,0.016184971098265756,170,0.0006100519930676666,4.0,8.79,1,TARGET,9.27
SOUN,2026-05-04,11:10,0.04623115577889438,1.0751494081279183,0.004020100502512656,70,0.0009860152485173979,0.0,9.99,0,STOP,9.35
SOUN,2026-05-13,11:15,0.025990099009900985,1.1109540213286901,0.01113861386138612,75,0.0006635520346672206,2.0,8.17,1,TARGET,8.31
SOUN,2026-05-15,13:30,0.022754491017964014,1.4066126450580232,0.023952095808383363,210,0.0009706120248045663,4.0,8.55,1,TARGET,8.54
SOUN,2026-05-19,14:15,0.028503562945368197,1.1134786800369494,0.007125890736342102,255,0.003048656005444041,1.0,8.48,0,EOD,8.46
SOUN,2026-05-26,10:00,0.024038461538461665,1.22950373053824,0.006009615384615257,0,0.0010266529779602697,1.0,8.37,0,EOD,8.16
SOUN,2026-05-28,10:10,0.03284671532846721,1.2203403615187525,0.006082725060827121,10,0.0005198267244251734,3.0,8.27,1,TARGET,8.5
SOUN,2026-05-29,10:00,0.03888888888888885,1.2099718754978686,0.005555555555555635,0,0.002540018520968478,4.0,9.05,0,ENGINE_STOP,0.0
RBLX,2026-03-31,10:00,0.02941176470588238,1.6300925271467859,0.0007352941176470432,0,0.005775190158700255,1.0,54.44,1,TARGET,56.86
RBLX,2026-04-02,10:00,0.032258064516129024,1.6768297162672465,0.002254595907041321,0,0.0049658117013706825,3.0,57.79,0,EOD,59.89
RBLX,2026-04-13,10:50,0.042938437661665836,1.1369102953934354,0.001896878772202094,50,0.0032477118393859543,0.0,58.1,0,EOD,57.55
RBLX,2026-04-16,12:00,0.03220559531554972,2.7659288269360105,0.005042290175666921,120,0.0016546372635724217,3.0,61.79,0,EOD,60.56
RBLX,2026-04-21,10:05,0.02592829705505758,1.6305063074581978,0.014404609475032103,5,0.0004505265529087825,1.0,63.38,0,EOD,61.44
RBLX,2026-05-13,13:10,0.03229693902145103,1.2628069199105747,0.006025548324897566,190,0.005768840138127146,2.0,41.74,0,EOD,42.06
RBLX,2026-05-14,11:05,0.022711142654364816,2.808428605013627,0.005204636858291906,65,0.005284673103299981,3.0,42.49,0,EOD,43.49
RBLX,2026-05-21,10:15,0.03831335616438354,1.3213625371645623,0.0006421232876712572,15,0.001042414068528701,3.0,46.75,0,EOD,46.21
RBLX,2026-05-22,14:05,0.030531158511083248,1.075757733328165,0.006691760769552494,245,0.0011792452830188618,4.0,48.14,0,EOD,48.02
RBLX,2026-05-28,10:05,0.03321268895039392,2.2330712295417703,0.007664466680860111,5,6.664445184932293e-05,3.0,47.33,0,EOD,46.98
RBLX,2026-05-29,10:00,0.021789718637613732,1.1755724825771372,0.0019039559974613138,0,0.002540018520968478,4.0,47.36,0,ENGINE_STOP,0.0
GME,2026-03-31,12:40,0.01279223643581838,1.2991751827386748,0.008381120423467036,160,0.009312298494381211,1.0,22.86,1,TARGET,22.99
GME,2026-04-02,10:35,0.0250539956803455,1.4173902204276136,0.002159827213822925,35,0.008941555026144127,3.0,23.2,0,EOD,23.34
GME,2026-04-07,13:05,0.012505390254420124,1.263382963291292,0.010780508840017248,185,0.0,1.0,23.44,0,EOD,23.46
GME,2026-04-09,12:00,0.010831889081455806,1.720564975907603,0.00866551126516477,120,0.005912512595578225,3.0,23.28,0,EOD,22.91
GME,2026-04-13,12:15,0.012168622338113912,9.805393700501957,0.0065189048239895075,135,0.0036610569825804816,0.0,23.16,1,TARGET,23.32
GME,2026-04-14,10:05,0.012642225031605593,2.147331995987964,0.001685630004214039,5,0.0028210385493462765,1.0,23.77,1,TARGET,24.08
GME,2026-04-15,10:20,0.01838235294117644,2.1819925644104328,0.004901960784313766,20,0.0009205189425538451,2.0,24.6,0,EOD,24.74
GME,2026-04-16,11:35,0.021531100478468866,1.015521613773994,0.0031897926634769477,95,7.13205717058001e-05,3.0,25.16,0,EOD,25.25
GME,2026-04-22,10:10,0.026409144659046185,1.7300278502664417,0.007489160425699555,10,0.0004935277362588099,2.0,25.56,0,EOD,25.51
GME,2026-04-27,10:50,0.016574585635359042,1.0612533356078422,0.009471191791633719,50,0.0007571827194078233,0.0,25.58,0,EOD,25.48
GME,2026-04-30,14:30,0.008599508599508634,1.1051912177062206,0.011466011466011367,270,0.004547807956564936,3.0,24.7,1,TARGET,24.8
GME,2026-05-01,12:50,0.017425742574257476,1.5251565147382207,0.004752475247524792,170,0.0006100519930676666,4.0,25.37,1,TARGET,25.69
GME,2026-05-05,11:30,0.025170648464163815,1.1379712033801208,0.0017064846416381888,90,0.0023691757762168506,1.0,23.48,1,TARGET,24.14
GME,2026-05-06,10:10,0.027597402597402586,1.1957566284589556,0.004870129870129911,10,0.0021698229808973742,2.0,24.76,1,TARGET,25.32
GME,2026-05-08,14:10,0.015702479338842935,2.9927249178453077,0.00785123966942154,250,0.00334721201730743,4.0,24.39,0,EOD,24.21
GME,2026-05-19,13:30,0.01773533424283752,1.2648293087800677,0.00045475216007283145,210,0.0030350459339911783,1.0,22.0,0,EOD,22.08
GME,2026-05-20,10:45,0.020572450805008982,1.0928995348339838,0.006708407871198664,45,0.0035340492048388053,2.0,22.51,0,EOD,22.65
AMC,2026-04-01,10:00,0.03883495145631071,1.2337471405134368,0.009708737864077678,0,0.0006270263656939625,2.0,1.04,0,EOD,1.01
AMC,2026-04-02,11:20,0.029411764705882377,1.6743714420305476,0.00980392156862746,80,0.01356703072305946,3.0,1.03,1,TARGET,1.05
AMC,2026-04-13,10:45,0.04411764705882357,1.2580575006813421,0.02205882352941162,45,0.0038086802480071466,0.0,1.39,1,TARGET,1.44
AMC,2026-04-14,12:15,0.04605263157894741,1.0847439143211421,0.006578947368421058,135,0.007750585292791704,1.0,1.53,0,EOD,1.54
AMC,2026-04-15,11:45,0.044303797468354465,1.1606100613613766,0.006329113924050638,105,0.0031067514311192476,2.0,1.59,1,TARGET,1.66
AMC,2026-04-17,10:10,0.03529411764705886,1.063173974563971,0.005882352941176476,10,0.004234227855271556,4.0,1.71,1,TARGET,1.77
AMC,2026-05-05,10:10,0.05333333333333338,1.1916523762876117,0.013333333333333345,10,0.001953530903196265,1.0,1.52,1,TARGET,1.59
AMC,2026-05-13,11:05,0.029629629629629655,1.7059566484266604,0.014814814814814828,65,0.0009750152346129238,2.0,1.37,0,EOD,1.34
AMC,2026-05-14,11:50,0.029411764705882377,1.307930195423749,0.007352941176470594,110,0.006898313745528865,3.0,1.37,0,EOD,1.34
AMC,2026-05-18,10:20,0.05343511450381684,1.4613281150295658,0.015267175572519097,20,0.0009732096996565564,0.0,1.33,0,EOD,1.37
AMC,2026-05-21,10:10,0.033112582781456984,1.2745472124838915,0.013245033112582794,10,0.002328509347882041,3.0,1.53,1,TARGET,1.56
AMC,2026-05-26,10:00,0.025316455696202552,1.0835881302199837,0.018987341772151913,0,0.0010266529779602697,1.0,1.61,0,EOD,1.59
AMC,2026-05-29,10:05,0.04320987654320991,2.0422878890268077,0.012345679012345552,5,0.0023812673634079485,4.0,1.64,0,ENGINE_STOP,0.0
